metric,reference,policy_from,policy_to,method_a,method_b,method_pair,delta_from,delta_to,min_abs_margin,reversal
f1,dorothea_human,crosswalk,full_genes,attention_inferred,probe_attention,attention_inferred__probe_attention,-6.405643404493027e-05,-6.405643404493027e-05,6.405643404493027e-05,False
f1,dorothea_human,crosswalk,full_genes,attention_inferred,probe_consensus,attention_inferred__probe_consensus,-0.00014013601328479193,-0.00014013601328479193,0.00014013601328479193,False
f1,dorothea_human,crosswalk,full_genes,attention_inferred,probe_grad_input,attention_inferred__probe_grad_input,-6.83537419560895e-05,-6.83537419560895e-05,6.83537419560895e-05,False
f1,dorothea_human,crosswalk,full_genes,attention_inferred,probe_integrated_gradients,attention_inferred__probe_integrated_gradients,-9.246598350799192e-05,-9.246598350799192e-05,9.246598350799192e-05,False
f1,dorothea_human,crosswalk,full_genes,attention_inferred,probe_perturbation,attention_inferred__probe_perturbation,-9.648727135529191e-05,-9.648727135529191e-05,9.648727135529191e-05,False
f1,dorothea_human,crosswalk,full_genes,probe_attention,probe_consensus,probe_attention__probe_consensus,-7.607957923986164e-05,-7.607957923986164e-05,7.607957923986164e-05,False
f1,dorothea_human,crosswalk,full_genes,probe_attention,probe_grad_input,probe_attention__probe_grad_input,-4.297307911159233e-06,-4.297307911159233e-06,4.297307911159233e-06,False
f1,dorothea_human,crosswalk,full_genes,probe_attention,probe_integrated_gradients,probe_attention__probe_integrated_gradients,-2.8409549463061644e-05,-2.8409549463061644e-05,2.8409549463061644e-05,False
f1,dorothea_human,crosswalk,full_genes,probe_attention,probe_perturbation,probe_attention__probe_perturbation,-3.243083731036164e-05,-3.243083731036164e-05,3.243083731036164e-05,False
f1,dorothea_human,crosswalk,full_genes,probe_consensus,probe_grad_input,probe_consensus__probe_grad_input,7.178227132870241e-05,7.178227132870241e-05,7.178227132870241e-05,False
f1,dorothea_human,crosswalk,full_genes,probe_consensus,probe_integrated_gradients,probe_consensus__probe_integrated_gradients,4.76700297768e-05,4.76700297768e-05,4.76700297768e-05,False
f1,dorothea_human,crosswalk,full_genes,probe_consensus,probe_perturbation,probe_consensus__probe_perturbation,4.36487419295e-05,4.36487419295e-05,4.36487419295e-05,False
f1,dorothea_human,crosswalk,full_genes,probe_grad_input,probe_integrated_gradients,probe_grad_input__probe_integrated_gradients,-2.411224155190241e-05,-2.411224155190241e-05,2.411224155190241e-05,False
f1,dorothea_human,crosswalk,full_genes,probe_grad_input,probe_perturbation,probe_grad_input__probe_perturbation,-2.813352939920241e-05,-2.813352939920241e-05,2.813352939920241e-05,False
f1,dorothea_human,crosswalk,full_genes,probe_integrated_gradients,probe_perturbation,probe_integrated_gradients__probe_perturbation,-4.021287847299999e-06,-4.021287847299999e-06,4.021287847299999e-06,False
f1,dorothea_human,crosswalk,legacy_symbols,attention_inferred,probe_attention,attention_inferred__probe_attention,-6.405643404493027e-05,-0.00012951661437570156,6.405643404493027e-05,False
f1,dorothea_human,crosswalk,legacy_symbols,attention_inferred,probe_consensus,attention_inferred__probe_consensus,-0.00014013601328479193,-0.00028334034856830154,0.00014013601328479193,False
f1,dorothea_human,crosswalk,legacy_symbols,attention_inferred,probe_grad_input,attention_inferred__probe_grad_input,-6.83537419560895e-05,-0.00013770107143110157,6.83537419560895e-05,False
f1,dorothea_human,crosswalk,legacy_symbols,attention_inferred,probe_integrated_gradients,attention_inferred__probe_integrated_gradients,-9.246598350799192e-05,-0.00018630492571680156,9.246598350799192e-05,False
f1,dorothea_human,crosswalk,legacy_symbols,attention_inferred,probe_perturbation,attention_inferred__probe_perturbation,-9.648727135529191e-05,-0.00019440556809770156,9.648727135529191e-05,False
f1,dorothea_human,crosswalk,legacy_symbols,probe_attention,probe_consensus,probe_attention__probe_consensus,-7.607957923986164e-05,-0.00015382373419259998,7.607957923986164e-05,False
f1,dorothea_human,crosswalk,legacy_symbols,probe_attention,probe_grad_input,probe_attention__probe_grad_input,-4.297307911159233e-06,-8.184457055400012e-06,4.297307911159233e-06,False
f1,dorothea_human,crosswalk,legacy_symbols,probe_attention,probe_integrated_gradients,probe_attention__probe_integrated_gradients,-2.8409549463061644e-05,-5.678831134110001e-05,2.8409549463061644e-05,False
f1,dorothea_human,crosswalk,legacy_symbols,probe_attention,probe_perturbation,probe_attention__probe_perturbation,-3.243083731036164e-05,-6.488895372200001e-05,3.243083731036164e-05,False
f1,dorothea_human,crosswalk,legacy_symbols,probe_consensus,probe_grad_input,probe_consensus__probe_grad_input,7.178227132870241e-05,0.00014563927713719997,7.178227132870241e-05,False
f1,dorothea_human,crosswalk,legacy_symbols,probe_consensus,probe_integrated_gradients,probe_consensus__probe_integrated_gradients,4.76700297768e-05,9.703542285149997e-05,4.76700297768e-05,False
f1,dorothea_human,crosswalk,legacy_symbols,probe_consensus,probe_perturbation,probe_consensus__probe_perturbation,4.36487419295e-05,8.893478047059997e-05,4.36487419295e-05,False
f1,dorothea_human,crosswalk,legacy_symbols,probe_grad_input,probe_integrated_gradients,probe_grad_input__probe_integrated_gradients,-2.411224155190241e-05,-4.8603854285699996e-05,2.411224155190241e-05,False
f1,dorothea_human,crosswalk,legacy_symbols,probe_grad_input,probe_perturbation,probe_grad_input__probe_perturbation,-2.813352939920241e-05,-5.6704496666599996e-05,2.813352939920241e-05,False
f1,dorothea_human,crosswalk,legacy_symbols,probe_integrated_gradients,probe_perturbation,probe_integrated_gradients__probe_perturbation,-4.021287847299999e-06,-8.1006423809e-06,4.021287847299999e-06,False
f1,dorothea_human,crosswalk,omnipath_ref,attention_inferred,probe_attention,attention_inferred__probe_attention,-6.405643404493027e-05,-6.405643404493027e-05,6.405643404493027e-05,False
f1,dorothea_human,crosswalk,omnipath_ref,attention_inferred,probe_consensus,attention_inferred__probe_consensus,-0.00014013601328479193,-0.00014013601328479193,0.00014013601328479193,False
f1,dorothea_human,crosswalk,omnipath_ref,attention_inferred,probe_grad_input,attention_inferred__probe_grad_input,-6.83537419560895e-05,-6.83537419560895e-05,6.83537419560895e-05,False
f1,dorothea_human,crosswalk,omnipath_ref,attention_inferred,probe_integrated_gradients,attention_inferred__probe_integrated_gradients,-9.246598350799192e-05,-9.246598350799192e-05,9.246598350799192e-05,False
f1,dorothea_human,crosswalk,omnipath_ref,attention_inferred,probe_perturbation,attention_inferred__probe_perturbation,-9.648727135529191e-05,-9.648727135529191e-05,9.648727135529191e-05,False
f1,dorothea_human,crosswalk,omnipath_ref,probe_attention,probe_consensus,probe_attention__probe_consensus,-7.607957923986164e-05,-7.607957923986164e-05,7.607957923986164e-05,False
f1,dorothea_human,crosswalk,omnipath_ref,probe_attention,probe_grad_input,probe_attention__probe_grad_input,-4.297307911159233e-06,-4.297307911159233e-06,4.297307911159233e-06,False
f1,dorothea_human,crosswalk,omnipath_ref,probe_attention,probe_integrated_gradients,probe_attention__probe_integrated_gradients,-2.8409549463061644e-05,-2.8409549463061644e-05,2.8409549463061644e-05,False
f1,dorothea_human,crosswalk,omnipath_ref,probe_attention,probe_perturbation,probe_attention__probe_perturbation,-3.243083731036164e-05,-3.243083731036164e-05,3.243083731036164e-05,False
f1,dorothea_human,crosswalk,omnipath_ref,probe_consensus,probe_grad_input,probe_consensus__probe_grad_input,7.178227132870241e-05,7.178227132870241e-05,7.178227132870241e-05,False
f1,dorothea_human,crosswalk,omnipath_ref,probe_consensus,probe_integrated_gradients,probe_consensus__probe_integrated_gradients,4.76700297768e-05,4.76700297768e-05,4.76700297768e-05,False
f1,dorothea_human,crosswalk,omnipath_ref,probe_consensus,probe_perturbation,probe_consensus__probe_perturbation,4.36487419295e-05,4.36487419295e-05,4.36487419295e-05,False
f1,dorothea_human,crosswalk,omnipath_ref,probe_grad_input,probe_integrated_gradients,probe_grad_input__probe_integrated_gradients,-2.411224155190241e-05,-2.411224155190241e-05,2.411224155190241e-05,False
f1,dorothea_human,crosswalk,omnipath_ref,probe_grad_input,probe_perturbation,probe_grad_input__probe_perturbation,-2.813352939920241e-05,-2.813352939920241e-05,2.813352939920241e-05,False
f1,dorothea_human,crosswalk,omnipath_ref,probe_integrated_gradients,probe_perturbation,probe_integrated_gradients__probe_perturbation,-4.021287847299999e-06,-4.021287847299999e-06,4.021287847299999e-06,False
f1,dorothea_human,full_genes,legacy_symbols,attention_inferred,probe_attention,attention_inferred__probe_attention,-6.405643404493027e-05,-0.00012951661437570156,6.405643404493027e-05,False
f1,dorothea_human,full_genes,legacy_symbols,attention_inferred,probe_consensus,attention_inferred__probe_consensus,-0.00014013601328479193,-0.00028334034856830154,0.00014013601328479193,False
f1,dorothea_human,full_genes,legacy_symbols,attention_inferred,probe_grad_input,attention_inferred__probe_grad_input,-6.83537419560895e-05,-0.00013770107143110157,6.83537419560895e-05,False
f1,dorothea_human,full_genes,legacy_symbols,attention_inferred,probe_integrated_gradients,attention_inferred__probe_integrated_gradients,-9.246598350799192e-05,-0.00018630492571680156,9.246598350799192e-05,False
f1,dorothea_human,full_genes,legacy_symbols,attention_inferred,probe_perturbation,attention_inferred__probe_perturbation,-9.648727135529191e-05,-0.00019440556809770156,9.648727135529191e-05,False
f1,dorothea_human,full_genes,legacy_symbols,probe_attention,probe_consensus,probe_attention__probe_consensus,-7.607957923986164e-05,-0.00015382373419259998,7.607957923986164e-05,False
f1,dorothea_human,full_genes,legacy_symbols,probe_attention,probe_grad_input,probe_attention__probe_grad_input,-4.297307911159233e-06,-8.184457055400012e-06,4.297307911159233e-06,False
f1,dorothea_human,full_genes,legacy_symbols,probe_attention,probe_integrated_gradients,probe_attention__probe_integrated_gradients,-2.8409549463061644e-05,-5.678831134110001e-05,2.8409549463061644e-05,False
f1,dorothea_human,full_genes,legacy_symbols,probe_attention,probe_perturbation,probe_attention__probe_perturbation,-3.243083731036164e-05,-6.488895372200001e-05,3.243083731036164e-05,False
f1,dorothea_human,full_genes,legacy_symbols,probe_consensus,probe_grad_input,probe_consensus__probe_grad_input,7.178227132870241e-05,0.00014563927713719997,7.178227132870241e-05,False
f1,dorothea_human,full_genes,legacy_symbols,probe_consensus,probe_integrated_gradients,probe_consensus__probe_integrated_gradients,4.76700297768e-05,9.703542285149997e-05,4.76700297768e-05,False
f1,dorothea_human,full_genes,legacy_symbols,probe_consensus,probe_perturbation,probe_consensus__probe_perturbation,4.36487419295e-05,8.893478047059997e-05,4.36487419295e-05,False
f1,dorothea_human,full_genes,legacy_symbols,probe_grad_input,probe_integrated_gradients,probe_grad_input__probe_integrated_gradients,-2.411224155190241e-05,-4.8603854285699996e-05,2.411224155190241e-05,False
f1,dorothea_human,full_genes,legacy_symbols,probe_grad_input,probe_perturbation,probe_grad_input__probe_perturbation,-2.813352939920241e-05,-5.6704496666599996e-05,2.813352939920241e-05,False
f1,dorothea_human,full_genes,legacy_symbols,probe_integrated_gradients,probe_perturbation,probe_integrated_gradients__probe_perturbation,-4.021287847299999e-06,-8.1006423809e-06,4.021287847299999e-06,False
f1,dorothea_human,full_genes,omnipath_ref,attention_inferred,probe_attention,attention_inferred__probe_attention,-6.405643404493027e-05,-6.405643404493027e-05,6.405643404493027e-05,False
f1,dorothea_human,full_genes,omnipath_ref,attention_inferred,probe_consensus,attention_inferred__probe_consensus,-0.00014013601328479193,-0.00014013601328479193,0.00014013601328479193,False
f1,dorothea_human,full_genes,omnipath_ref,attention_inferred,probe_grad_input,attention_inferred__probe_grad_input,-6.83537419560895e-05,-6.83537419560895e-05,6.83537419560895e-05,False
f1,dorothea_human,full_genes,omnipath_ref,attention_inferred,probe_integrated_gradients,attention_inferred__probe_integrated_gradients,-9.246598350799192e-05,-9.246598350799192e-05,9.246598350799192e-05,False
f1,dorothea_human,full_genes,omnipath_ref,attention_inferred,probe_perturbation,attention_inferred__probe_perturbation,-9.648727135529191e-05,-9.648727135529191e-05,9.648727135529191e-05,False
f1,dorothea_human,full_genes,omnipath_ref,probe_attention,probe_consensus,probe_attention__probe_consensus,-7.607957923986164e-05,-7.607957923986164e-05,7.607957923986164e-05,False
f1,dorothea_human,full_genes,omnipath_ref,probe_attention,probe_grad_input,probe_attention__probe_grad_input,-4.297307911159233e-06,-4.297307911159233e-06,4.297307911159233e-06,False
f1,dorothea_human,full_genes,omnipath_ref,probe_attention,probe_integrated_gradients,probe_attention__probe_integrated_gradients,-2.8409549463061644e-05,-2.8409549463061644e-05,2.8409549463061644e-05,False
f1,dorothea_human,full_genes,omnipath_ref,probe_attention,probe_perturbation,probe_attention__probe_perturbation,-3.243083731036164e-05,-3.243083731036164e-05,3.243083731036164e-05,False
f1,dorothea_human,full_genes,omnipath_ref,probe_consensus,probe_grad_input,probe_consensus__probe_grad_input,7.178227132870241e-05,7.178227132870241e-05,7.178227132870241e-05,False
f1,dorothea_human,full_genes,omnipath_ref,probe_consensus,probe_integrated_gradients,probe_consensus__probe_integrated_gradients,4.76700297768e-05,4.76700297768e-05,4.76700297768e-05,False
f1,dorothea_human,full_genes,omnipath_ref,probe_consensus,probe_perturbation,probe_consensus__probe_perturbation,4.36487419295e-05,4.36487419295e-05,4.36487419295e-05,False
f1,dorothea_human,full_genes,omnipath_ref,probe_grad_input,probe_integrated_gradients,probe_grad_input__probe_integrated_gradients,-2.411224155190241e-05,-2.411224155190241e-05,2.411224155190241e-05,False
f1,dorothea_human,full_genes,omnipath_ref,probe_grad_input,probe_perturbation,probe_grad_input__probe_perturbation,-2.813352939920241e-05,-2.813352939920241e-05,2.813352939920241e-05,False
f1,dorothea_human,full_genes,omnipath_ref,probe_integrated_gradients,probe_perturbation,probe_integrated_gradients__probe_perturbation,-4.021287847299999e-06,-4.021287847299999e-06,4.021287847299999e-06,False
f1,dorothea_human,legacy_symbols,omnipath_ref,attention_inferred,probe_attention,attention_inferred__probe_attention,-0.00012951661437570156,-6.405643404493027e-05,6.405643404493027e-05,False
f1,dorothea_human,legacy_symbols,omnipath_ref,attention_inferred,probe_consensus,attention_inferred__probe_consensus,-0.00028334034856830154,-0.00014013601328479193,0.00014013601328479193,False
f1,dorothea_human,legacy_symbols,omnipath_ref,attention_inferred,probe_grad_input,attention_inferred__probe_grad_input,-0.00013770107143110157,-6.83537419560895e-05,6.83537419560895e-05,False
f1,dorothea_human,legacy_symbols,omnipath_ref,attention_inferred,probe_integrated_gradients,attention_inferred__probe_integrated_gradients,-0.00018630492571680156,-9.246598350799192e-05,9.246598350799192e-05,False
f1,dorothea_human,legacy_symbols,omnipath_ref,attention_inferred,probe_perturbation,attention_inferred__probe_perturbation,-0.00019440556809770156,-9.648727135529191e-05,9.648727135529191e-05,False
f1,dorothea_human,legacy_symbols,omnipath_ref,probe_attention,probe_consensus,probe_attention__probe_consensus,-0.00015382373419259998,-7.607957923986164e-05,7.607957923986164e-05,False
f1,dorothea_human,legacy_symbols,omnipath_ref,probe_attention,probe_grad_input,probe_attention__probe_grad_input,-8.184457055400012e-06,-4.297307911159233e-06,4.297307911159233e-06,False
f1,dorothea_human,legacy_symbols,omnipath_ref,probe_attention,probe_integrated_gradients,probe_attention__probe_integrated_gradients,-5.678831134110001e-05,-2.8409549463061644e-05,2.8409549463061644e-05,False
f1,dorothea_human,legacy_symbols,omnipath_ref,probe_attention,probe_perturbation,probe_attention__probe_perturbation,-6.488895372200001e-05,-3.243083731036164e-05,3.243083731036164e-05,False
f1,dorothea_human,legacy_symbols,omnipath_ref,probe_consensus,probe_grad_input,probe_consensus__probe_grad_input,0.00014563927713719997,7.178227132870241e-05,7.178227132870241e-05,False
f1,dorothea_human,legacy_symbols,omnipath_ref,probe_consensus,probe_integrated_gradients,probe_consensus__probe_integrated_gradients,9.703542285149997e-05,4.76700297768e-05,4.76700297768e-05,False
f1,dorothea_human,legacy_symbols,omnipath_ref,probe_consensus,probe_perturbation,probe_consensus__probe_perturbation,8.893478047059997e-05,4.36487419295e-05,4.36487419295e-05,False
f1,dorothea_human,legacy_symbols,omnipath_ref,probe_grad_input,probe_integrated_gradients,probe_grad_input__probe_integrated_gradients,-4.8603854285699996e-05,-2.411224155190241e-05,2.411224155190241e-05,False
f1,dorothea_human,legacy_symbols,omnipath_ref,probe_grad_input,probe_perturbation,probe_grad_input__probe_perturbation,-5.6704496666599996e-05,-2.813352939920241e-05,2.813352939920241e-05,False
f1,dorothea_human,legacy_symbols,omnipath_ref,probe_integrated_gradients,probe_perturbation,probe_integrated_gradients__probe_perturbation,-8.1006423809e-06,-4.021287847299999e-06,4.021287847299999e-06,False
f1,dorothea_trrust_union_immune,crosswalk,full_genes,attention_inferred,probe_attention,attention_inferred__probe_attention,-6.43878080141858e-05,-6.43878080141858e-05,6.43878080141858e-05,False
f1,dorothea_trrust_union_immune,crosswalk,full_genes,attention_inferred,probe_consensus,attention_inferred__probe_consensus,-0.00014086102427631988,-0.00014086102427631988,0.00014086102427631988,False
f1,dorothea_trrust_union_immune,crosswalk,full_genes,attention_inferred,probe_grad_input,attention_inferred__probe_grad_input,-6.870888062498008e-05,-6.870888062498008e-05,6.870888062498008e-05,False
f1,dorothea_trrust_union_immune,crosswalk,full_genes,attention_inferred,probe_integrated_gradients,attention_inferred__probe_integrated_gradients,-9.698660745931988e-05,-9.698660745931988e-05,9.698660745931988e-05,False
f1,dorothea_trrust_union_immune,crosswalk,full_genes,attention_inferred,probe_perturbation,attention_inferred__probe_perturbation,-9.698851737981988e-05,-9.698851737981988e-05,9.698851737981988e-05,False
f1,dorothea_trrust_union_immune,crosswalk,full_genes,probe_attention,probe_consensus,probe_attention__probe_consensus,-7.64732162621341e-05,-7.64732162621341e-05,7.64732162621341e-05,False
f1,dorothea_trrust_union_immune,crosswalk,full_genes,probe_attention,probe_grad_input,probe_attention__probe_grad_input,-4.321072610794278e-06,-4.321072610794278e-06,4.321072610794278e-06,False
f1,dorothea_trrust_union_immune,crosswalk,full_genes,probe_attention,probe_integrated_gradients,probe_attention__probe_integrated_gradients,-3.259879944513408e-05,-3.259879944513408e-05,3.259879944513408e-05,False
f1,dorothea_trrust_union_immune,crosswalk,full_genes,probe_attention,probe_perturbation,probe_attention__probe_perturbation,-3.260070936563408e-05,-3.260070936563408e-05,3.260070936563408e-05,False
f1,dorothea_trrust_union_immune,crosswalk,full_genes,probe_consensus,probe_grad_input,probe_consensus__probe_grad_input,7.215214365133982e-05,7.215214365133982e-05,7.215214365133982e-05,False
f1,dorothea_trrust_union_immune,crosswalk,full_genes,probe_consensus,probe_integrated_gradients,probe_consensus__probe_integrated_gradients,4.387441681700002e-05,4.387441681700002e-05,4.387441681700002e-05,False
f1,dorothea_trrust_union_immune,crosswalk,full_genes,probe_consensus,probe_perturbation,probe_consensus__probe_perturbation,4.387250689650001e-05,4.387250689650001e-05,4.387250689650001e-05,False
f1,dorothea_trrust_union_immune,crosswalk,full_genes,probe_grad_input,probe_integrated_gradients,probe_grad_input__probe_integrated_gradients,-2.82777268343398e-05,-2.82777268343398e-05,2.82777268343398e-05,False
f1,dorothea_trrust_union_immune,crosswalk,full_genes,probe_grad_input,probe_perturbation,probe_grad_input__probe_perturbation,-2.8279636754839806e-05,-2.8279636754839806e-05,2.8279636754839806e-05,False
f1,dorothea_trrust_union_immune,crosswalk,full_genes,probe_integrated_gradients,probe_perturbation,probe_integrated_gradients__probe_perturbation,-1.90992050000643e-09,-1.90992050000643e-09,1.90992050000643e-09,False
f1,dorothea_trrust_union_immune,crosswalk,omnipath_ref,attention_inferred,probe_attention,attention_inferred__probe_attention,-6.43878080141858e-05,-6.43878080141858e-05,6.43878080141858e-05,False
f1,dorothea_trrust_union_immune,crosswalk,omnipath_ref,attention_inferred,probe_consensus,attention_inferred__probe_consensus,-0.00014086102427631988,-0.00014086102427631988,0.00014086102427631988,False
f1,dorothea_trrust_union_immune,crosswalk,omnipath_ref,attention_inferred,probe_grad_input,attention_inferred__probe_grad_input,-6.870888062498008e-05,-6.870888062498008e-05,6.870888062498008e-05,False
f1,dorothea_trrust_union_immune,crosswalk,omnipath_ref,attention_inferred,probe_integrated_gradients,attention_inferred__probe_integrated_gradients,-9.698660745931988e-05,-9.698660745931988e-05,9.698660745931988e-05,False
f1,dorothea_trrust_union_immune,crosswalk,omnipath_ref,attention_inferred,probe_perturbation,attention_inferred__probe_perturbation,-9.698851737981988e-05,-9.698851737981988e-05,9.698851737981988e-05,False
f1,dorothea_trrust_union_immune,crosswalk,omnipath_ref,probe_attention,probe_consensus,probe_attention__probe_consensus,-7.64732162621341e-05,-7.64732162621341e-05,7.64732162621341e-05,False
f1,dorothea_trrust_union_immune,crosswalk,omnipath_ref,probe_attention,probe_grad_input,probe_attention__probe_grad_input,-4.321072610794278e-06,-4.321072610794278e-06,4.321072610794278e-06,False
f1,dorothea_trrust_union_immune,crosswalk,omnipath_ref,probe_attention,probe_integrated_gradients,probe_attention__probe_integrated_gradients,-3.259879944513408e-05,-3.259879944513408e-05,3.259879944513408e-05,False
f1,dorothea_trrust_union_immune,crosswalk,omnipath_ref,probe_attention,probe_perturbation,probe_attention__probe_perturbation,-3.260070936563408e-05,-3.260070936563408e-05,3.260070936563408e-05,False
f1,dorothea_trrust_union_immune,crosswalk,omnipath_ref,probe_consensus,probe_grad_input,probe_consensus__probe_grad_input,7.215214365133982e-05,7.215214365133982e-05,7.215214365133982e-05,False
f1,dorothea_trrust_union_immune,crosswalk,omnipath_ref,probe_consensus,probe_integrated_gradients,probe_consensus__probe_integrated_gradients,4.387441681700002e-05,4.387441681700002e-05,4.387441681700002e-05,False
f1,dorothea_trrust_union_immune,crosswalk,omnipath_ref,probe_consensus,probe_perturbation,probe_consensus__probe_perturbation,4.387250689650001e-05,4.387250689650001e-05,4.387250689650001e-05,False
f1,dorothea_trrust_union_immune,crosswalk,omnipath_ref,probe_grad_input,probe_integrated_gradients,probe_grad_input__probe_integrated_gradients,-2.82777268343398e-05,-2.82777268343398e-05,2.82777268343398e-05,False
f1,dorothea_trrust_union_immune,crosswalk,omnipath_ref,probe_grad_input,probe_perturbation,probe_grad_input__probe_perturbation,-2.8279636754839806e-05,-2.8279636754839806e-05,2.8279636754839806e-05,False
f1,dorothea_trrust_union_immune,crosswalk,omnipath_ref,probe_integrated_gradients,probe_perturbation,probe_integrated_gradients__probe_perturbation,-1.90992050000643e-09,-1.90992050000643e-09,1.90992050000643e-09,False
f1,dorothea_trrust_union_immune,full_genes,omnipath_ref,attention_inferred,probe_attention,attention_inferred__probe_attention,-6.43878080141858e-05,-6.43878080141858e-05,6.43878080141858e-05,False
f1,dorothea_trrust_union_immune,full_genes,omnipath_ref,attention_inferred,probe_consensus,attention_inferred__probe_consensus,-0.00014086102427631988,-0.00014086102427631988,0.00014086102427631988,False
f1,dorothea_trrust_union_immune,full_genes,omnipath_ref,attention_inferred,probe_grad_input,attention_inferred__probe_grad_input,-6.870888062498008e-05,-6.870888062498008e-05,6.870888062498008e-05,False
f1,dorothea_trrust_union_immune,full_genes,omnipath_ref,attention_inferred,probe_integrated_gradients,attention_inferred__probe_integrated_gradients,-9.698660745931988e-05,-9.698660745931988e-05,9.698660745931988e-05,False
f1,dorothea_trrust_union_immune,full_genes,omnipath_ref,attention_inferred,probe_perturbation,attention_inferred__probe_perturbation,-9.698851737981988e-05,-9.698851737981988e-05,9.698851737981988e-05,False
f1,dorothea_trrust_union_immune,full_genes,omnipath_ref,probe_attention,probe_consensus,probe_attention__probe_consensus,-7.64732162621341e-05,-7.64732162621341e-05,7.64732162621341e-05,False
f1,dorothea_trrust_union_immune,full_genes,omnipath_ref,probe_attention,probe_grad_input,probe_attention__probe_grad_input,-4.321072610794278e-06,-4.321072610794278e-06,4.321072610794278e-06,False
f1,dorothea_trrust_union_immune,full_genes,omnipath_ref,probe_attention,probe_integrated_gradients,probe_attention__probe_integrated_gradients,-3.259879944513408e-05,-3.259879944513408e-05,3.259879944513408e-05,False
f1,dorothea_trrust_union_immune,full_genes,omnipath_ref,probe_attention,probe_perturbation,probe_attention__probe_perturbation,-3.260070936563408e-05,-3.260070936563408e-05,3.260070936563408e-05,False
f1,dorothea_trrust_union_immune,full_genes,omnipath_ref,probe_consensus,probe_grad_input,probe_consensus__probe_grad_input,7.215214365133982e-05,7.215214365133982e-05,7.215214365133982e-05,False
f1,dorothea_trrust_union_immune,full_genes,omnipath_ref,probe_consensus,probe_integrated_gradients,probe_consensus__probe_integrated_gradients,4.387441681700002e-05,4.387441681700002e-05,4.387441681700002e-05,False
f1,dorothea_trrust_union_immune,full_genes,omnipath_ref,probe_consensus,probe_perturbation,probe_consensus__probe_perturbation,4.387250689650001e-05,4.387250689650001e-05,4.387250689650001e-05,False
f1,dorothea_trrust_union_immune,full_genes,omnipath_ref,probe_grad_input,probe_integrated_gradients,probe_grad_input__probe_integrated_gradients,-2.82777268343398e-05,-2.82777268343398e-05,2.82777268343398e-05,False
f1,dorothea_trrust_union_immune,full_genes,omnipath_ref,probe_grad_input,probe_perturbation,probe_grad_input__probe_perturbation,-2.8279636754839806e-05,-2.8279636754839806e-05,2.8279636754839806e-05,False
f1,dorothea_trrust_union_immune,full_genes,omnipath_ref,probe_integrated_gradients,probe_perturbation,probe_integrated_gradients__probe_perturbation,-1.90992050000643e-09,-1.90992050000643e-09,1.90992050000643e-09,False
f1,trrust_human,crosswalk,full_genes,attention_inferred,probe_integrated_gradients,attention_inferred__probe_integrated_gradients,-8.63755522636873e-06,-8.63755522636873e-06,8.63755522636873e-06,False
f1,trrust_human,crosswalk,full_genes,probe_attention,probe_integrated_gradients,probe_attention__probe_integrated_gradients,-8.63755522636873e-06,-8.63755522636873e-06,8.63755522636873e-06,False
f1,trrust_human,crosswalk,full_genes,probe_consensus,probe_integrated_gradients,probe_consensus__probe_integrated_gradients,-8.63755522636873e-06,-8.63755522636873e-06,8.63755522636873e-06,False
f1,trrust_human,crosswalk,full_genes,probe_grad_input,probe_integrated_gradients,probe_grad_input__probe_integrated_gradients,-8.63755522636873e-06,-8.63755522636873e-06,8.63755522636873e-06,False
f1,trrust_human,crosswalk,full_genes,probe_integrated_gradients,probe_perturbation,probe_integrated_gradients__probe_perturbation,8.63755522636873e-06,8.63755522636873e-06,8.63755522636873e-06,False
f1,trrust_human,crosswalk,legacy_symbols,attention_inferred,probe_integrated_gradients,attention_inferred__probe_integrated_gradients,-8.63755522636873e-06,-8.344737808338063e-06,8.344737808338063e-06,False
f1,trrust_human,crosswalk,legacy_symbols,probe_attention,probe_integrated_gradients,probe_attention__probe_integrated_gradients,-8.63755522636873e-06,-8.344737808338063e-06,8.344737808338063e-06,False
f1,trrust_human,crosswalk,legacy_symbols,probe_consensus,probe_integrated_gradients,probe_consensus__probe_integrated_gradients,-8.63755522636873e-06,-8.344737808338063e-06,8.344737808338063e-06,False
f1,trrust_human,crosswalk,legacy_symbols,probe_grad_input,probe_integrated_gradients,probe_grad_input__probe_integrated_gradients,-8.63755522636873e-06,-8.344737808338063e-06,8.344737808338063e-06,False
f1,trrust_human,crosswalk,legacy_symbols,probe_integrated_gradients,probe_perturbation,probe_integrated_gradients__probe_perturbation,8.63755522636873e-06,8.344737808338063e-06,8.344737808338063e-06,False
f1,trrust_human,crosswalk,omnipath_ref,attention_inferred,probe_integrated_gradients,attention_inferred__probe_integrated_gradients,-8.63755522636873e-06,-8.63755522636873e-06,8.63755522636873e-06,False
f1,trrust_human,crosswalk,omnipath_ref,probe_attention,probe_integrated_gradients,probe_attention__probe_integrated_gradients,-8.63755522636873e-06,-8.63755522636873e-06,8.63755522636873e-06,False
f1,trrust_human,crosswalk,omnipath_ref,probe_consensus,probe_integrated_gradients,probe_consensus__probe_integrated_gradients,-8.63755522636873e-06,-8.63755522636873e-06,8.63755522636873e-06,False
f1,trrust_human,crosswalk,omnipath_ref,probe_grad_input,probe_integrated_gradients,probe_grad_input__probe_integrated_gradients,-8.63755522636873e-06,-8.63755522636873e-06,8.63755522636873e-06,False
f1,trrust_human,crosswalk,omnipath_ref,probe_integrated_gradients,probe_perturbation,probe_integrated_gradients__probe_perturbation,8.63755522636873e-06,8.63755522636873e-06,8.63755522636873e-06,False
f1,trrust_human,full_genes,legacy_symbols,attention_inferred,probe_integrated_gradients,attention_inferred__probe_integrated_gradients,-8.63755522636873e-06,-8.344737808338063e-06,8.344737808338063e-06,False
f1,trrust_human,full_genes,legacy_symbols,probe_attention,probe_integrated_gradients,probe_attention__probe_integrated_gradients,-8.63755522636873e-06,-8.344737808338063e-06,8.344737808338063e-06,False
f1,trrust_human,full_genes,legacy_symbols,probe_consensus,probe_integrated_gradients,probe_consensus__probe_integrated_gradients,-8.63755522636873e-06,-8.344737808338063e-06,8.344737808338063e-06,False
f1,trrust_human,full_genes,legacy_symbols,probe_grad_input,probe_integrated_gradients,probe_grad_input__probe_integrated_gradients,-8.63755522636873e-06,-8.344737808338063e-06,8.344737808338063e-06,False
f1,trrust_human,full_genes,legacy_symbols,probe_integrated_gradients,probe_perturbation,probe_integrated_gradients__probe_perturbation,8.63755522636873e-06,8.344737808338063e-06,8.344737808338063e-06,False
f1,trrust_human,full_genes,omnipath_ref,attention_inferred,probe_integrated_gradients,attention_inferred__probe_integrated_gradients,-8.63755522636873e-06,-8.63755522636873e-06,8.63755522636873e-06,False
f1,trrust_human,full_genes,omnipath_ref,probe_attention,probe_integrated_gradients,probe_attention__probe_integrated_gradients,-8.63755522636873e-06,-8.63755522636873e-06,8.63755522636873e-06,False
f1,trrust_human,full_genes,omnipath_ref,probe_consensus,probe_integrated_gradients,probe_consensus__probe_integrated_gradients,-8.63755522636873e-06,-8.63755522636873e-06,8.63755522636873e-06,False
f1,trrust_human,full_genes,omnipath_ref,probe_grad_input,probe_integrated_gradients,probe_grad_input__probe_integrated_gradients,-8.63755522636873e-06,-8.63755522636873e-06,8.63755522636873e-06,False
f1,trrust_human,full_genes,omnipath_ref,probe_integrated_gradients,probe_perturbation,probe_integrated_gradients__probe_perturbation,8.63755522636873e-06,8.63755522636873e-06,8.63755522636873e-06,False
f1,trrust_human,legacy_symbols,omnipath_ref,attention_inferred,probe_integrated_gradients,attention_inferred__probe_integrated_gradients,-8.344737808338063e-06,-8.63755522636873e-06,8.344737808338063e-06,False
f1,trrust_human,legacy_symbols,omnipath_ref,probe_attention,probe_integrated_gradients,probe_attention__probe_integrated_gradients,-8.344737808338063e-06,-8.63755522636873e-06,8.344737808338063e-06,False
f1,trrust_human,legacy_symbols,omnipath_ref,probe_consensus,probe_integrated_gradients,probe_consensus__probe_integrated_gradients,-8.344737808338063e-06,-8.63755522636873e-06,8.344737808338063e-06,False
f1,trrust_human,legacy_symbols,omnipath_ref,probe_grad_input,probe_integrated_gradients,probe_grad_input__probe_integrated_gradients,-8.344737808338063e-06,-8.63755522636873e-06,8.344737808338063e-06,False
f1,trrust_human,legacy_symbols,omnipath_ref,probe_integrated_gradients,probe_perturbation,probe_integrated_gradients__probe_perturbation,8.344737808338063e-06,8.63755522636873e-06,8.344737808338063e-06,False
