reference,method,policy_from,policy_to,f1_from,f1_to,coverage_from,coverage_to,quality_from,quality_to,delta_f1,coverage_term,quality_term,decomposition_error
dorothea_human,attention_inferred,crosswalk,omnipath_ref,8.01895681390808e-06,8.01895681390808e-06,0.9884481255448996,0.9884481255448996,8.112673398502817e-06,8.112673398502817e-06,0.0,0.0,0.0,0.0
dorothea_human,attention_inferred,full_genes,crosswalk,8.01895681390808e-06,8.01895681390808e-06,0.9884481255448996,0.9884481255448996,8.112673398502817e-06,8.112673398502817e-06,0.0,0.0,0.0,0.0
dorothea_human,attention_inferred,full_genes,omnipath_ref,8.01895681390808e-06,8.01895681390808e-06,0.9884481255448996,0.9884481255448996,8.112673398502817e-06,8.112673398502817e-06,0.0,0.0,0.0,0.0
dorothea_human,attention_inferred,legacy_symbols,crosswalk,1.6211133806698443e-05,8.01895681390808e-06,0.09497602441150828,0.9884481255448996,0.00017068659071745832,8.112673398502817e-06,-8.192176992790364e-06,0.00015250370684362268,-0.00016069588383641305,0.0
dorothea_human,attention_inferred,legacy_symbols,full_genes,1.6211133806698443e-05,8.01895681390808e-06,0.09497602441150828,0.9884481255448996,0.00017068659071745832,8.112673398502817e-06,-8.192176992790364e-06,0.00015250370684362268,-0.00016069588383641305,0.0
dorothea_human,attention_inferred,legacy_symbols,omnipath_ref,1.6211133806698443e-05,8.01895681390808e-06,0.09497602441150828,0.9884481255448996,0.00017068659071745832,8.112673398502817e-06,-8.192176992790364e-06,0.00015250370684362268,-0.00016069588383641305,0.0
dorothea_human,probe_attention,crosswalk,omnipath_ref,7.207539085883835e-05,7.207539085883835e-05,0.9884481255448996,0.9884481255448996,7.29177272900442e-05,7.29177272900442e-05,0.0,0.0,0.0,0.0
dorothea_human,probe_attention,full_genes,crosswalk,7.207539085883835e-05,7.207539085883835e-05,0.9884481255448996,0.9884481255448996,7.29177272900442e-05,7.29177272900442e-05,0.0,0.0,0.0,0.0
dorothea_human,probe_attention,full_genes,omnipath_ref,7.207539085883835e-05,7.207539085883835e-05,0.9884481255448996,0.9884481255448996,7.29177272900442e-05,7.29177272900442e-05,0.0,0.0,0.0,0.0
dorothea_human,probe_attention,legacy_symbols,crosswalk,0.0001457277481824,7.207539085883835e-05,0.09497602441150828,0.9884481255448996,0.001534363531063342,7.29177272900442e-05,-7.365235732356164e-05,0.0013709110080016135,-0.0014445633653251753,2.168404344971009e-19
dorothea_human,probe_attention,legacy_symbols,full_genes,0.0001457277481824,7.207539085883835e-05,0.09497602441150828,0.9884481255448996,0.001534363531063342,7.29177272900442e-05,-7.365235732356164e-05,0.0013709110080016135,-0.0014445633653251753,2.168404344971009e-19
dorothea_human,probe_attention,legacy_symbols,omnipath_ref,0.0001457277481824,7.207539085883835e-05,0.09497602441150828,0.9884481255448996,0.001534363531063342,7.29177272900442e-05,-7.365235732356164e-05,0.0013709110080016135,-0.0014445633653251753,2.168404344971009e-19
dorothea_human,probe_consensus,crosswalk,omnipath_ref,0.0001481549700987,0.0001481549700987,0.9884481255448996,0.9884481255448996,0.00014988643942951172,0.00014988643942951172,0.0,0.0,0.0,0.0
dorothea_human,probe_consensus,full_genes,crosswalk,0.0001481549700987,0.0001481549700987,0.9884481255448996,0.9884481255448996,0.00014988643942951172,0.00014988643942951172,0.0,0.0,0.0,0.0
dorothea_human,probe_consensus,full_genes,omnipath_ref,0.0001481549700987,0.0001481549700987,0.9884481255448996,0.9884481255448996,0.00014988643942951172,0.00014988643942951172,0.0,0.0,0.0,0.0
dorothea_human,probe_consensus,legacy_symbols,crosswalk,0.000299551482375,0.0001481549700987,0.09497602441150828,0.9884481255448996,0.003153969480519793,0.00014988643942951172,-0.00015139651227629998,0.00281798373867061,-0.0029693802509469106,8.673617379884035e-19
dorothea_human,probe_consensus,legacy_symbols,full_genes,0.000299551482375,0.0001481549700987,0.09497602441150828,0.9884481255448996,0.003153969480519793,0.00014988643942951172,-0.00015139651227629998,0.00281798373867061,-0.0029693802509469106,8.673617379884035e-19
dorothea_human,probe_consensus,legacy_symbols,omnipath_ref,0.000299551482375,0.0001481549700987,0.09497602441150828,0.9884481255448996,0.003153969480519793,0.00014988643942951172,-0.00015139651227629998,0.00281798373867061,-0.0029693802509469106,8.673617379884035e-19
dorothea_human,probe_grad_input,crosswalk,omnipath_ref,7.637269876999759e-05,7.637269876999759e-05,0.9884481255448996,0.9884481255448996,7.726525732232613e-05,7.726525732232613e-05,0.0,0.0,0.0,0.0
dorothea_human,probe_grad_input,full_genes,crosswalk,7.637269876999759e-05,7.637269876999759e-05,0.9884481255448996,0.9884481255448996,7.726525732232613e-05,7.726525732232613e-05,0.0,0.0,0.0,0.0
dorothea_human,probe_grad_input,full_genes,omnipath_ref,7.637269876999759e-05,7.637269876999759e-05,0.9884481255448996,0.9884481255448996,7.726525732232613e-05,7.726525732232613e-05,0.0,0.0,0.0,0.0
dorothea_human,probe_grad_input,legacy_symbols,crosswalk,0.0001539122052378,7.637269876999759e-05,0.09497602441150828,0.9884481255448996,0.0016205374587057405,7.726525732232613e-05,-7.753950646780242e-05,0.0014479050081951843,-0.0015254445146629866,0.0
dorothea_human,probe_grad_input,legacy_symbols,full_genes,0.0001539122052378,7.637269876999759e-05,0.09497602441150828,0.9884481255448996,0.0016205374587057405,7.726525732232613e-05,-7.753950646780242e-05,0.0014479050081951843,-0.0015254445146629866,0.0
dorothea_human,probe_grad_input,legacy_symbols,omnipath_ref,0.0001539122052378,7.637269876999759e-05,0.09497602441150828,0.9884481255448996,0.0016205374587057405,7.726525732232613e-05,-7.753950646780242e-05,0.0014479050081951843,-0.0015254445146629866,0.0
dorothea_human,probe_integrated_gradients,crosswalk,omnipath_ref,0.0001004849403219,0.0001004849403219,0.9884481255448996,0.9884481255448996,0.0001016592957435231,0.0001016592957435231,0.0,0.0,0.0,0.0
dorothea_human,probe_integrated_gradients,full_genes,crosswalk,0.0001004849403219,0.0001004849403219,0.9884481255448996,0.9884481255448996,0.0001016592957435231,0.0001016592957435231,0.0,0.0,0.0,0.0
dorothea_human,probe_integrated_gradients,full_genes,omnipath_ref,0.0001004849403219,0.0001004849403219,0.9884481255448996,0.9884481255448996,0.0001016592957435231,0.0001016592957435231,0.0,0.0,0.0,0.0
dorothea_human,probe_integrated_gradients,legacy_symbols,crosswalk,0.0002025160595235,0.0001004849403219,0.09497602441150828,0.9884481255448996,0.0021322861298768057,0.0001016592957435231,-0.0001020311192016,0.0019051381686786167,-0.002007169287880217,4.336808689942018e-19
dorothea_human,probe_integrated_gradients,legacy_symbols,full_genes,0.0002025160595235,0.0001004849403219,0.09497602441150828,0.9884481255448996,0.0021322861298768057,0.0001016592957435231,-0.0001020311192016,0.0019051381686786167,-0.002007169287880217,4.336808689942018e-19
dorothea_human,probe_integrated_gradients,legacy_symbols,omnipath_ref,0.0002025160595235,0.0001004849403219,0.09497602441150828,0.9884481255448996,0.0021322861298768057,0.0001016592957435231,-0.0001020311192016,0.0019051381686786167,-0.002007169287880217,4.336808689942018e-19
dorothea_human,probe_perturbation,crosswalk,omnipath_ref,0.0001045062281692,0.0001045062281692,0.9884481255448996,0.9884481255448996,0.00010572757989863058,0.00010572757989863058,0.0,0.0,0.0,0.0
dorothea_human,probe_perturbation,full_genes,crosswalk,0.0001045062281692,0.0001045062281692,0.9884481255448996,0.9884481255448996,0.00010572757989863058,0.00010572757989863058,0.0,0.0,0.0,0.0
dorothea_human,probe_perturbation,full_genes,omnipath_ref,0.0001045062281692,0.0001045062281692,0.9884481255448996,0.9884481255448996,0.00010572757989863058,0.00010572757989863058,0.0,0.0,0.0,0.0
dorothea_human,probe_perturbation,legacy_symbols,crosswalk,0.0002106167019044,0.0001045062281692,0.09497602441150828,0.9884481255448996,0.0022175775750714567,0.00010572757989863058,-0.0001061104737352,0.0019813436954253852,-0.002087454169160585,0.0
dorothea_human,probe_perturbation,legacy_symbols,full_genes,0.0002106167019044,0.0001045062281692,0.09497602441150828,0.9884481255448996,0.0022175775750714567,0.00010572757989863058,-0.0001061104737352,0.0019813436954253852,-0.002087454169160585,0.0
dorothea_human,probe_perturbation,legacy_symbols,omnipath_ref,0.0002106167019044,0.0001045062281692,0.09497602441150828,0.9884481255448996,0.0022175775750714567,0.00010572757989863058,-0.0001061104737352,0.0019813436954253852,-0.002087454169160585,0.0
dorothea_trrust_union_immune,attention_inferred,crosswalk,omnipath_ref,8.060502128980125e-06,8.060502128980125e-06,1.0,1.0,8.060502128980125e-06,8.060502128980125e-06,0.0,0.0,0.0,0.0
dorothea_trrust_union_immune,attention_inferred,full_genes,crosswalk,8.060502128980125e-06,8.060502128980125e-06,1.0,1.0,8.060502128980125e-06,8.060502128980125e-06,0.0,0.0,0.0,0.0
dorothea_trrust_union_immune,attention_inferred,full_genes,omnipath_ref,8.060502128980125e-06,8.060502128980125e-06,1.0,1.0,8.060502128980125e-06,8.060502128980125e-06,0.0,0.0,0.0,0.0
dorothea_trrust_union_immune,probe_attention,crosswalk,omnipath_ref,7.244831014316592e-05,7.244831014316592e-05,1.0,1.0,7.244831014316592e-05,7.244831014316592e-05,0.0,0.0,0.0,0.0
dorothea_trrust_union_immune,probe_attention,full_genes,crosswalk,7.244831014316592e-05,7.244831014316592e-05,1.0,1.0,7.244831014316592e-05,7.244831014316592e-05,0.0,0.0,0.0,0.0
dorothea_trrust_union_immune,probe_attention,full_genes,omnipath_ref,7.244831014316592e-05,7.244831014316592e-05,1.0,1.0,7.244831014316592e-05,7.244831014316592e-05,0.0,0.0,0.0,0.0
dorothea_trrust_union_immune,probe_consensus,crosswalk,omnipath_ref,0.0001489215264053,0.0001489215264053,1.0,1.0,0.0001489215264053,0.0001489215264053,0.0,0.0,0.0,0.0
dorothea_trrust_union_immune,probe_consensus,full_genes,crosswalk,0.0001489215264053,0.0001489215264053,1.0,1.0,0.0001489215264053,0.0001489215264053,0.0,0.0,0.0,0.0
dorothea_trrust_union_immune,probe_consensus,full_genes,omnipath_ref,0.0001489215264053,0.0001489215264053,1.0,1.0,0.0001489215264053,0.0001489215264053,0.0,0.0,0.0,0.0
dorothea_trrust_union_immune,probe_grad_input,crosswalk,omnipath_ref,7.67693827539602e-05,7.67693827539602e-05,1.0,1.0,7.67693827539602e-05,7.67693827539602e-05,0.0,0.0,0.0,0.0
dorothea_trrust_union_immune,probe_grad_input,full_genes,crosswalk,7.67693827539602e-05,7.67693827539602e-05,1.0,1.0,7.67693827539602e-05,7.67693827539602e-05,0.0,0.0,0.0,0.0
dorothea_trrust_union_immune,probe_grad_input,full_genes,omnipath_ref,7.67693827539602e-05,7.67693827539602e-05,1.0,1.0,7.67693827539602e-05,7.67693827539602e-05,0.0,0.0,0.0,0.0
dorothea_trrust_union_immune,probe_integrated_gradients,crosswalk,omnipath_ref,0.0001050471095883,0.0001050471095883,1.0,1.0,0.0001050471095883,0.0001050471095883,0.0,0.0,0.0,0.0
dorothea_trrust_union_immune,probe_integrated_gradients,full_genes,crosswalk,0.0001050471095883,0.0001050471095883,1.0,1.0,0.0001050471095883,0.0001050471095883,0.0,0.0,0.0,0.0
dorothea_trrust_union_immune,probe_integrated_gradients,full_genes,omnipath_ref,0.0001050471095883,0.0001050471095883,1.0,1.0,0.0001050471095883,0.0001050471095883,0.0,0.0,0.0,0.0
dorothea_trrust_union_immune,probe_perturbation,crosswalk,omnipath_ref,0.0001050490195088,0.0001050490195088,1.0,1.0,0.0001050490195088,0.0001050490195088,0.0,0.0,0.0,0.0
dorothea_trrust_union_immune,probe_perturbation,full_genes,crosswalk,0.0001050490195088,0.0001050490195088,1.0,1.0,0.0001050490195088,0.0001050490195088,0.0,0.0,0.0,0.0
dorothea_trrust_union_immune,probe_perturbation,full_genes,omnipath_ref,0.0001050490195088,0.0001050490195088,1.0,1.0,0.0001050490195088,0.0001050490195088,0.0,0.0,0.0,0.0
hpn_dream,attention_inferred,crosswalk,omnipath_ref,0.0,0.0,1.0,1.0,0.0,0.0,0.0,0.0,0.0,0.0
hpn_dream,attention_inferred,full_genes,crosswalk,0.0,0.0,1.0,1.0,0.0,0.0,0.0,0.0,0.0,0.0
hpn_dream,attention_inferred,full_genes,omnipath_ref,0.0,0.0,1.0,1.0,0.0,0.0,0.0,0.0,0.0,0.0
hpn_dream,probe_attention,crosswalk,omnipath_ref,0.0,0.0,1.0,1.0,0.0,0.0,0.0,0.0,0.0,0.0
hpn_dream,probe_attention,full_genes,crosswalk,0.0,0.0,1.0,1.0,0.0,0.0,0.0,0.0,0.0,0.0
hpn_dream,probe_attention,full_genes,omnipath_ref,0.0,0.0,1.0,1.0,0.0,0.0,0.0,0.0,0.0,0.0
hpn_dream,probe_consensus,crosswalk,omnipath_ref,0.0,0.0,1.0,1.0,0.0,0.0,0.0,0.0,0.0,0.0
hpn_dream,probe_consensus,full_genes,crosswalk,0.0,0.0,1.0,1.0,0.0,0.0,0.0,0.0,0.0,0.0
hpn_dream,probe_consensus,full_genes,omnipath_ref,0.0,0.0,1.0,1.0,0.0,0.0,0.0,0.0,0.0,0.0
hpn_dream,probe_grad_input,crosswalk,omnipath_ref,0.0,0.0,1.0,1.0,0.0,0.0,0.0,0.0,0.0,0.0
hpn_dream,probe_grad_input,full_genes,crosswalk,0.0,0.0,1.0,1.0,0.0,0.0,0.0,0.0,0.0,0.0
hpn_dream,probe_grad_input,full_genes,omnipath_ref,0.0,0.0,1.0,1.0,0.0,0.0,0.0,0.0,0.0,0.0
hpn_dream,probe_integrated_gradients,crosswalk,omnipath_ref,0.0,0.0,1.0,1.0,0.0,0.0,0.0,0.0,0.0,0.0
hpn_dream,probe_integrated_gradients,full_genes,crosswalk,0.0,0.0,1.0,1.0,0.0,0.0,0.0,0.0,0.0,0.0
hpn_dream,probe_integrated_gradients,full_genes,omnipath_ref,0.0,0.0,1.0,1.0,0.0,0.0,0.0,0.0,0.0,0.0
hpn_dream,probe_perturbation,crosswalk,omnipath_ref,0.0,0.0,1.0,1.0,0.0,0.0,0.0,0.0,0.0,0.0
hpn_dream,probe_perturbation,full_genes,crosswalk,0.0,0.0,1.0,1.0,0.0,0.0,0.0,0.0,0.0,0.0
hpn_dream,probe_perturbation,full_genes,omnipath_ref,0.0,0.0,1.0,1.0,0.0,0.0,0.0,0.0,0.0,0.0
trrust_human,attention_inferred,crosswalk,omnipath_ref,0.0,0.0,0.9904795486600844,0.9904795486600844,0.0,0.0,0.0,0.0,0.0,0.0
trrust_human,attention_inferred,full_genes,crosswalk,0.0,0.0,0.9904795486600844,0.9904795486600844,0.0,0.0,0.0,0.0,0.0,0.0
trrust_human,attention_inferred,full_genes,omnipath_ref,0.0,0.0,0.9904795486600844,0.9904795486600844,0.0,0.0,0.0,0.0,0.0,0.0
trrust_human,attention_inferred,legacy_symbols,crosswalk,0.0,0.0,0.15902679830747532,0.9904795486600844,0.0,0.0,0.0,0.0,0.0,0.0
trrust_human,attention_inferred,legacy_symbols,full_genes,0.0,0.0,0.15902679830747532,0.9904795486600844,0.0,0.0,0.0,0.0,0.0,0.0
trrust_human,attention_inferred,legacy_symbols,omnipath_ref,0.0,0.0,0.15902679830747532,0.9904795486600844,0.0,0.0,0.0,0.0,0.0,0.0
trrust_human,probe_attention,crosswalk,omnipath_ref,0.0,0.0,0.9904795486600844,0.9904795486600844,0.0,0.0,0.0,0.0,0.0,0.0
trrust_human,probe_attention,full_genes,crosswalk,0.0,0.0,0.9904795486600844,0.9904795486600844,0.0,0.0,0.0,0.0,0.0,0.0
trrust_human,probe_attention,full_genes,omnipath_ref,0.0,0.0,0.9904795486600844,0.9904795486600844,0.0,0.0,0.0,0.0,0.0,0.0
trrust_human,probe_attention,legacy_symbols,crosswalk,0.0,0.0,0.15902679830747532,0.9904795486600844,0.0,0.0,0.0,0.0,0.0,0.0
trrust_human,probe_attention,legacy_symbols,full_genes,0.0,0.0,0.15902679830747532,0.9904795486600844,0.0,0.0,0.0,0.0,0.0,0.0
trrust_human,probe_attention,legacy_symbols,omnipath_ref,0.0,0.0,0.15902679830747532,0.9904795486600844,0.0,0.0,0.0,0.0,0.0,0.0
trrust_human,probe_consensus,crosswalk,omnipath_ref,0.0,0.0,0.9904795486600844,0.9904795486600844,0.0,0.0,0.0,0.0,0.0,0.0
trrust_human,probe_consensus,full_genes,crosswalk,0.0,0.0,0.9904795486600844,0.9904795486600844,0.0,0.0,0.0,0.0,0.0,0.0
trrust_human,probe_consensus,full_genes,omnipath_ref,0.0,0.0,0.9904795486600844,0.9904795486600844,0.0,0.0,0.0,0.0,0.0,0.0
trrust_human,probe_consensus,legacy_symbols,crosswalk,0.0,0.0,0.15902679830747532,0.9904795486600844,0.0,0.0,0.0,0.0,0.0,0.0
trrust_human,probe_consensus,legacy_symbols,full_genes,0.0,0.0,0.15902679830747532,0.9904795486600844,0.0,0.0,0.0,0.0,0.0,0.0
trrust_human,probe_consensus,legacy_symbols,omnipath_ref,0.0,0.0,0.15902679830747532,0.9904795486600844,0.0,0.0,0.0,0.0,0.0,0.0
trrust_human,probe_grad_input,crosswalk,omnipath_ref,0.0,0.0,0.9904795486600844,0.9904795486600844,0.0,0.0,0.0,0.0,0.0,0.0
trrust_human,probe_grad_input,full_genes,crosswalk,0.0,0.0,0.9904795486600844,0.9904795486600844,0.0,0.0,0.0,0.0,0.0,0.0
trrust_human,probe_grad_input,full_genes,omnipath_ref,0.0,0.0,0.9904795486600844,0.9904795486600844,0.0,0.0,0.0,0.0,0.0,0.0
trrust_human,probe_grad_input,legacy_symbols,crosswalk,0.0,0.0,0.15902679830747532,0.9904795486600844,0.0,0.0,0.0,0.0,0.0,0.0
trrust_human,probe_grad_input,legacy_symbols,full_genes,0.0,0.0,0.15902679830747532,0.9904795486600844,0.0,0.0,0.0,0.0,0.0,0.0
trrust_human,probe_grad_input,legacy_symbols,omnipath_ref,0.0,0.0,0.15902679830747532,0.9904795486600844,0.0,0.0,0.0,0.0,0.0,0.0
trrust_human,probe_integrated_gradients,crosswalk,omnipath_ref,8.63755522636873e-06,8.63755522636873e-06,0.9904795486600844,0.9904795486600844,8.720579075109195e-06,8.720579075109195e-06,0.0,0.0,0.0,0.0
trrust_human,probe_integrated_gradients,full_genes,crosswalk,8.63755522636873e-06,8.63755522636873e-06,0.9904795486600844,0.9904795486600844,8.720579075109195e-06,8.720579075109195e-06,0.0,0.0,0.0,0.0
trrust_human,probe_integrated_gradients,full_genes,omnipath_ref,8.63755522636873e-06,8.63755522636873e-06,0.9904795486600844,0.9904795486600844,8.720579075109195e-06,8.720579075109195e-06,0.0,0.0,0.0,0.0
trrust_human,probe_integrated_gradients,legacy_symbols,crosswalk,8.344737808338063e-06,8.63755522636873e-06,0.15902679830747532,0.9904795486600844,5.247378364622338e-05,8.720579075109195e-06,2.9281741803066794e-07,4.3629471734060186e-05,-4.333665431602952e-05,0.0
trrust_human,probe_integrated_gradients,legacy_symbols,full_genes,8.344737808338063e-06,8.63755522636873e-06,0.15902679830747532,0.9904795486600844,5.247378364622338e-05,8.720579075109195e-06,2.9281741803066794e-07,4.3629471734060186e-05,-4.333665431602952e-05,0.0
trrust_human,probe_integrated_gradients,legacy_symbols,omnipath_ref,8.344737808338063e-06,8.63755522636873e-06,0.15902679830747532,0.9904795486600844,5.247378364622338e-05,8.720579075109195e-06,2.9281741803066794e-07,4.3629471734060186e-05,-4.333665431602952e-05,0.0
trrust_human,probe_perturbation,crosswalk,omnipath_ref,0.0,0.0,0.9904795486600844,0.9904795486600844,0.0,0.0,0.0,0.0,0.0,0.0
trrust_human,probe_perturbation,full_genes,crosswalk,0.0,0.0,0.9904795486600844,0.9904795486600844,0.0,0.0,0.0,0.0,0.0,0.0
trrust_human,probe_perturbation,full_genes,omnipath_ref,0.0,0.0,0.9904795486600844,0.9904795486600844,0.0,0.0,0.0,0.0,0.0,0.0
trrust_human,probe_perturbation,legacy_symbols,crosswalk,0.0,0.0,0.15902679830747532,0.9904795486600844,0.0,0.0,0.0,0.0,0.0,0.0
trrust_human,probe_perturbation,legacy_symbols,full_genes,0.0,0.0,0.15902679830747532,0.9904795486600844,0.0,0.0,0.0,0.0,0.0,0.0
trrust_human,probe_perturbation,legacy_symbols,omnipath_ref,0.0,0.0,0.15902679830747532,0.9904795486600844,0.0,0.0,0.0,0.0,0.0,0.0
