candidate_set,tissue_from,tissue_to,method_a,method_b,delta_from,delta_to,reversal
all_pairs,immune,kidney,genie3,grnboost2,-0.0010214100000000002,-0.0008400999999999999,False
all_pairs,immune,kidney,genie3,pearson,0.0018554507,0.024102881,False
all_pairs,immune,kidney,genie3,random,0.0018883394,0.0246153873,False
all_pairs,immune,kidney,genie3,scgpt_attention,0.0018904054,0.0246882691,False
all_pairs,immune,kidney,genie3,spearman,0.0018562751,0.024062585,False
all_pairs,immune,kidney,grnboost2,pearson,0.0028768607,0.024942981,False
all_pairs,immune,kidney,grnboost2,random,0.0029097494000000002,0.0254554873,False
all_pairs,immune,kidney,grnboost2,scgpt_attention,0.0029118154,0.0255283691,False
all_pairs,immune,kidney,grnboost2,spearman,0.0028776851,0.024902685,False
all_pairs,immune,kidney,pearson,random,3.2888699999999996e-05,0.0005125063,False
all_pairs,immune,kidney,pearson,scgpt_attention,3.49547e-05,0.0005853881,False
all_pairs,immune,kidney,pearson,spearman,8.243999999999984e-07,-4.0295999999999995e-05,True
all_pairs,immune,kidney,random,scgpt_attention,2.066e-06,7.28818e-05,False
all_pairs,immune,kidney,random,spearman,-3.2064300000000004e-05,-0.0005528023,False
all_pairs,immune,kidney,scgpt_attention,spearman,-3.41303e-05,-0.0006256841,False
all_pairs,immune,lung,genie3,grnboost2,-0.0010214100000000002,-7.169999999999746e-05,False
all_pairs,immune,lung,genie3,pearson,0.0018554507,0.024671366,False
all_pairs,immune,lung,genie3,random,0.0018883394,0.024918346,False
all_pairs,immune,lung,genie3,scgpt_attention,0.0018904054,0.024994555600000003,False
all_pairs,immune,lung,genie3,spearman,0.0018562751,0.024675547000000003,False
all_pairs,immune,lung,grnboost2,pearson,0.0028768607,0.024743065999999998,False
all_pairs,immune,lung,grnboost2,random,0.0029097494000000002,0.024990046,False
all_pairs,immune,lung,grnboost2,scgpt_attention,0.0029118154,0.0250662556,False
all_pairs,immune,lung,grnboost2,spearman,0.0028776851,0.024747247,False
all_pairs,immune,lung,pearson,random,3.2888699999999996e-05,0.00024698,False
all_pairs,immune,lung,pearson,scgpt_attention,3.49547e-05,0.00032318959999999997,False
all_pairs,immune,lung,pearson,spearman,8.243999999999984e-07,4.1809999999999656e-06,False
all_pairs,immune,lung,random,scgpt_attention,2.066e-06,7.62096e-05,False
all_pairs,immune,lung,random,spearman,-3.2064300000000004e-05,-0.00024279900000000003,False
all_pairs,immune,lung,scgpt_attention,spearman,-3.41303e-05,-0.0003190086,False
all_pairs,kidney,lung,genie3,grnboost2,-0.0008400999999999999,-7.169999999999746e-05,False
all_pairs,kidney,lung,genie3,pearson,0.024102881,0.024671366,False
all_pairs,kidney,lung,genie3,random,0.0246153873,0.024918346,False
all_pairs,kidney,lung,genie3,scgpt_attention,0.0246882691,0.024994555600000003,False
all_pairs,kidney,lung,genie3,spearman,0.024062585,0.024675547000000003,False
all_pairs,kidney,lung,grnboost2,pearson,0.024942981,0.024743065999999998,False
all_pairs,kidney,lung,grnboost2,random,0.0254554873,0.024990046,False
all_pairs,kidney,lung,grnboost2,scgpt_attention,0.0255283691,0.0250662556,False
all_pairs,kidney,lung,grnboost2,spearman,0.024902685,0.024747247,False
all_pairs,kidney,lung,pearson,random,0.0005125063,0.00024698,False
all_pairs,kidney,lung,pearson,scgpt_attention,0.0005853881,0.00032318959999999997,False
all_pairs,kidney,lung,pearson,spearman,-4.0295999999999995e-05,4.1809999999999656e-06,True
all_pairs,kidney,lung,random,scgpt_attention,7.28818e-05,7.62096e-05,False
all_pairs,kidney,lung,random,spearman,-0.0005528023,-0.00024279900000000003,False
all_pairs,kidney,lung,scgpt_attention,spearman,-0.0006256841,-0.0003190086,False
tf_sources,immune,kidney,genie3,grnboost2,-0.00099612,-0.0008649000000000018,False
tf_sources,immune,kidney,genie3,pearson,-0.00045991,-0.001943700000000003,False
tf_sources,immune,kidney,genie3,random,0.00147533,0.02136685,False
tf_sources,immune,kidney,genie3,scgpt_attention,0.00171645,0.02470066,False
tf_sources,immune,kidney,genie3,spearman,-0.00037293000000000005,-0.003782500000000001,False
tf_sources,immune,kidney,grnboost2,pearson,0.0005362100000000001,-0.0010788000000000013,True
tf_sources,immune,kidney,grnboost2,random,0.00247145,0.02223175,False
tf_sources,immune,kidney,grnboost2,scgpt_attention,0.00271257,0.02556556,False
tf_sources,immune,kidney,grnboost2,spearman,0.00062319,-0.0029175999999999994,True
tf_sources,immune,kidney,pearson,random,0.00193524,0.02331055,False
tf_sources,immune,kidney,pearson,scgpt_attention,0.00217636,0.026644360000000002,False
tf_sources,immune,kidney,pearson,spearman,8.697999999999996e-05,-0.001838799999999998,True
tf_sources,immune,kidney,random,scgpt_attention,0.00024112000000000005,0.0033338100000000004,False
tf_sources,immune,kidney,random,spearman,-0.00184826,-0.02514935,False
tf_sources,immune,kidney,scgpt_attention,spearman,-0.00208938,-0.02848316,False
tf_sources,immune,lung,genie3,grnboost2,-0.00099612,-0.00027249999999999844,False
tf_sources,immune,lung,genie3,pearson,-0.00045991,0.011688400000000002,True
tf_sources,immune,lung,genie3,random,0.00147533,0.02159788,False
tf_sources,immune,lung,genie3,scgpt_attention,0.00171645,0.02475439,False
tf_sources,immune,lung,genie3,spearman,-0.00037293000000000005,0.011858500000000001,True
tf_sources,immune,lung,grnboost2,pearson,0.0005362100000000001,0.0119609,False
tf_sources,immune,lung,grnboost2,random,0.00247145,0.021870380000000002,False
tf_sources,immune,lung,grnboost2,scgpt_attention,0.00271257,0.02502689,False
tf_sources,immune,lung,grnboost2,spearman,0.00062319,0.012131,False
tf_sources,immune,lung,pearson,random,0.00193524,0.00990948,False
tf_sources,immune,lung,pearson,scgpt_attention,0.00217636,0.01306599,False
tf_sources,immune,lung,pearson,spearman,8.697999999999996e-05,0.00017009999999999942,False
tf_sources,immune,lung,random,scgpt_attention,0.00024112000000000005,0.00315651,False
tf_sources,immune,lung,random,spearman,-0.00184826,-0.00973938,False
tf_sources,immune,lung,scgpt_attention,spearman,-0.00208938,-0.01289589,False
tf_sources,kidney,lung,genie3,grnboost2,-0.0008649000000000018,-0.00027249999999999844,False
tf_sources,kidney,lung,genie3,pearson,-0.001943700000000003,0.011688400000000002,True
tf_sources,kidney,lung,genie3,random,0.02136685,0.02159788,False
tf_sources,kidney,lung,genie3,scgpt_attention,0.02470066,0.02475439,False
tf_sources,kidney,lung,genie3,spearman,-0.003782500000000001,0.011858500000000001,True
tf_sources,kidney,lung,grnboost2,pearson,-0.0010788000000000013,0.0119609,True
tf_sources,kidney,lung,grnboost2,random,0.02223175,0.021870380000000002,False
tf_sources,kidney,lung,grnboost2,scgpt_attention,0.02556556,0.02502689,False
tf_sources,kidney,lung,grnboost2,spearman,-0.0029175999999999994,0.012131,True
tf_sources,kidney,lung,pearson,random,0.02331055,0.00990948,False
tf_sources,kidney,lung,pearson,scgpt_attention,0.026644360000000002,0.01306599,False
tf_sources,kidney,lung,pearson,spearman,-0.001838799999999998,0.00017009999999999942,True
tf_sources,kidney,lung,random,scgpt_attention,0.0033338100000000004,0.00315651,False
tf_sources,kidney,lung,random,spearman,-0.02514935,-0.00973938,False
tf_sources,kidney,lung,scgpt_attention,spearman,-0.02848316,-0.01289589,False
tf_sources_targets,immune,kidney,genie3,grnboost2,-0.00197022,-0.00043299999999999936,False
tf_sources_targets,immune,kidney,genie3,pearson,-0.004923219999999999,-0.005329399999999998,False
tf_sources_targets,immune,kidney,genie3,random,-0.00041375999999999913,0.0168733,True
tf_sources_targets,immune,kidney,genie3,scgpt_attention,0.0010999700000000005,0.02355521,False
tf_sources_targets,immune,kidney,genie3,spearman,-0.00597692,-0.008797,False
tf_sources_targets,immune,kidney,grnboost2,pearson,-0.002952999999999999,-0.004896399999999999,False
tf_sources_targets,immune,kidney,grnboost2,random,0.0015564600000000008,0.0173063,False
tf_sources_targets,immune,kidney,grnboost2,scgpt_attention,0.0030701900000000004,0.02398821,False
tf_sources_targets,immune,kidney,grnboost2,spearman,-0.0040067,-0.008364,False
tf_sources_targets,immune,kidney,pearson,random,0.00450946,0.0222027,False
tf_sources_targets,immune,kidney,pearson,scgpt_attention,0.0060231899999999994,0.028884609999999998,False
tf_sources_targets,immune,kidney,pearson,spearman,-0.0010537000000000012,-0.0034676000000000012,False
tf_sources_targets,immune,kidney,random,scgpt_attention,0.0015137299999999996,0.006681909999999999,False
tf_sources_targets,immune,kidney,random,spearman,-0.005563160000000001,-0.0256703,False
tf_sources_targets,immune,kidney,scgpt_attention,spearman,-0.007076890000000001,-0.03235221,False
tf_sources_targets,immune,lung,genie3,grnboost2,-0.00197022,0.00016410000000000036,True
tf_sources_targets,immune,lung,genie3,pearson,-0.004923219999999999,0.005251100000000002,True
tf_sources_targets,immune,lung,genie3,random,-0.00041375999999999913,0.013351,True
tf_sources_targets,immune,lung,genie3,scgpt_attention,0.0010999700000000005,0.01628375,False
tf_sources_targets,immune,lung,genie3,spearman,-0.00597692,0.006163100000000001,True
tf_sources_targets,immune,lung,grnboost2,pearson,-0.002952999999999999,0.005087000000000001,True
tf_sources_targets,immune,lung,grnboost2,random,0.0015564600000000008,0.0131869,False
tf_sources_targets,immune,lung,grnboost2,scgpt_attention,0.0030701900000000004,0.01611965,False
tf_sources_targets,immune,lung,grnboost2,spearman,-0.0040067,0.005999000000000001,True
tf_sources_targets,immune,lung,pearson,random,0.00450946,0.008099899999999998,False
tf_sources_targets,immune,lung,pearson,scgpt_attention,0.0060231899999999994,0.011032649999999998,False
tf_sources_targets,immune,lung,pearson,spearman,-0.0010537000000000012,0.0009119999999999996,True
tf_sources_targets,immune,lung,random,scgpt_attention,0.0015137299999999996,0.0029327499999999996,False
tf_sources_targets,immune,lung,random,spearman,-0.005563160000000001,-0.007187899999999999,False
tf_sources_targets,immune,lung,scgpt_attention,spearman,-0.007076890000000001,-0.010120649999999998,False
tf_sources_targets,kidney,lung,genie3,grnboost2,-0.00043299999999999936,0.00016410000000000036,True
tf_sources_targets,kidney,lung,genie3,pearson,-0.005329399999999998,0.005251100000000002,True
tf_sources_targets,kidney,lung,genie3,random,0.0168733,0.013351,False
tf_sources_targets,kidney,lung,genie3,scgpt_attention,0.02355521,0.01628375,False
tf_sources_targets,kidney,lung,genie3,spearman,-0.008797,0.006163100000000001,True
tf_sources_targets,kidney,lung,grnboost2,pearson,-0.004896399999999999,0.005087000000000001,True
tf_sources_targets,kidney,lung,grnboost2,random,0.0173063,0.0131869,False
tf_sources_targets,kidney,lung,grnboost2,scgpt_attention,0.02398821,0.01611965,False
tf_sources_targets,kidney,lung,grnboost2,spearman,-0.008364,0.005999000000000001,True
tf_sources_targets,kidney,lung,pearson,random,0.0222027,0.008099899999999998,False
tf_sources_targets,kidney,lung,pearson,scgpt_attention,0.028884609999999998,0.011032649999999998,False
tf_sources_targets,kidney,lung,pearson,spearman,-0.0034676000000000012,0.0009119999999999996,True
tf_sources_targets,kidney,lung,random,scgpt_attention,0.006681909999999999,0.0029327499999999996,False
tf_sources_targets,kidney,lung,random,spearman,-0.0256703,-0.007187899999999999,False
tf_sources_targets,kidney,lung,scgpt_attention,spearman,-0.03235221,-0.010120649999999998,False
